{"0": 0.0596727654337883, "1": 0.13387636840343475, "2": 0.03521853685379028, "3": 1.3732727766036987, "4": 0.08187760412693024, "5": 0.5957842469215393, "6": 0.044165242463350296, "7": 0.8015990257263184, "8": 0.10709363967180252, "9": 0.7045892477035522, "10": 0.0962047278881073, "11": 0.03985827416181564, "12": 0.024509748443961143, "13": 0.7856027483940125, "14": 0.3847159147262573, "15": 0.7931896448135376, "16": 0.051351018249988556, "17": 0.014876683242619038, "18": 0.04120868444442749, "19": 0.06047753244638443, "20": 0.19157104194164276, "21": 0.06047753244638443, "22": 0.19157104194164276, "23": 0.06047753244638443}