{"0": 7.493681907653809, "1": 7.5929412841796875, "2": 7.513660430908203, "3": 7.668374061584473, "4": 7.5602569580078125, "5": 7.976818084716797, "6": 8.082215309143066, "7": 7.979039669036865, "8": 7.949472904205322, "9": 7.850940704345703, "10": 7.6059770584106445, "11": 7.4448137283325195, "12": 7.56473970413208, "13": 7.183251857757568, "14": 7.30305814743042, "15": 7.893402576446533, "16": 7.555730819702148, "17": 7.87952184677124, "18": 7.557075023651123, "19": 7.298770427703857, "20": 7.17681884765625, "21": 7.2552876472473145, "22": 6.525139331817627, "23": 6.7643723487854, "24": 7.127584934234619, "25": 7.2239089012146, "26": 7.212608814239502, "27": 7.164168357849121, "28": 7.263976097106934, "29": 7.378281593322754, "30": 7.24955415725708, "31": 6.95965576171875, "32": 6.469673156738281, "33": 6.80242919921875, "34": 7.134181499481201, "35": 7.084578990936279, "36": 7.390305042266846, "37": 6.85197114944458, "38": 6.544403553009033, "39": 5.894043922424316, "40": 6.769920349121094, "41": 6.647401332855225, "42": 6.888652801513672, "43": 6.413478374481201, "44": 6.1268768310546875, "45": 6.46651554107666, "46": 6.499352931976318, "47": 6.616899013519287, "48": 6.32512903213501, "49": 5.847406387329102, "50": 6.457181930541992, "51": 5.831473350524902, "52": 5.772194862365723, "53": 5.435700416564941, "54": 5.2362380027771, "55": 6.104784965515137, "56": 6.890131950378418, "57": 4.750924110412598, "58": 5.704977035522461, "59": 5.240394592285156, "60": 5.724761962890625, "61": 5.061939716339111, "62": 6.330524921417236, "63": 5.81014347076416, "64": 5.211698055267334, "65": 5.752971649169922, "66": 4.330030918121338, "67": 4.802432537078857, "68": 5.356591701507568, "69": 5.688002586364746, "70": 4.951046943664551, "71": 5.593822479248047, "72": 5.025069236755371, "73": 4.713081359863281, "74": 5.205201625823975, "75": 4.269458293914795, "76": 5.114511966705322, "77": 4.774419784545898, "78": 5.228262424468994, "79": 5.051886081695557, "80": 4.950283527374268, "81": 4.771800994873047, "82": 5.5398969650268555, "83": 5.039977550506592, "84": 5.441885948181152, "85": 4.3195695877075195, "86": 4.7467041015625, "87": 5.178410530090332, "88": 3.8637092113494873, "89": 3.4446167945861816, "90": 3.1924362182617188, "91": 4.828244209289551, "92": 5.033563613891602, "93": 4.843366622924805, "94": 3.999094009399414, "95": 4.682005405426025, "96": 4.175293445587158, "97": 4.697493076324463, "98": 4.740838050842285, "99": 3.5981459617614746, "100": 4.795588493347168, "101": 5.011439800262451, "102": 3.9049391746520996, "103": 4.620004653930664, "104": 6.450626373291016, "105": 5.705449104309082, "106": 4.534534931182861, "107": 5.717811107635498, "108": 3.9359915256500244, "109": 3.5867912769317627, "110": 5.06573486328125, "111": 5.120954990386963, "112": 4.785750389099121, "113": 3.918597936630249, "114": 4.422402858734131, "115": 4.204408645629883, "116": 4.775926113128662, "117": 5.03799295425415, "118": 3.309907913208008, "119": 3.729114294052124, "120": 5.691921710968018, "121": 4.884426116943359, "122": 2.71952748298645, "123": 4.195858001708984, "124": 3.8511948585510254, "125": 4.152218818664551, "126": 4.070164203643799, "127": 4.018840789794922, "128": 3.613588333129883, "129": 3.5315325260162354, "130": 3.9695732593536377, "131": 2.7521090507507324, "132": 3.989508867263794, "133": 3.247776746749878, "134": 3.526073455810547, "135": 4.000082969665527, "136": 3.5558581352233887, "137": 3.9706435203552246, "138": 3.8902416229248047, "139": 3.5705904960632324, "140": 4.582085132598877, "141": 6.62143087387085, "142": 4.648063659667969, "143": 3.014329433441162, "144": 5.570516586303711, "145": 4.295560836791992, "146": 5.665173530578613, "147": 6.840793609619141, "148": 5.707996845245361}