{
  "as_trained_sam_acc": 0.653,
  "probe_test_indices": [
    2944,
    5369,
    8548,
    6546,
    145,
    8138,
    1715,
    6502,
    7205,
    9664,
    5366,
    6234,
    32,
    8186,
    6745,
    3916,
    7153,
    1547,
    8395,
    7494,
    2855,
    5325,
    4637,
    779,
    6846,
    66,
    1387,
    88,
    6198,
    7701,
    3751,
    4678,
    3845,
    6826,
    9462,
    6464,
    4000,
    8663,
    5627,
    1435
  ],
  "probe_true_classes": [
    0,
    0,
    0,
    0,
    1,
    1,
    1,
    1,
    2,
    2,
    2,
    2,
    3,
    3,
    3,
    3,
    4,
    4,
    4,
    4,
    5,
    5,
    5,
    5,
    6,
    6,
    6,
    6,
    7,
    7,
    7,
    7,
    8,
    8,
    8,
    8,
    9,
    9,
    9,
    9
  ],
  "orderings": [
    {
      "ordering": "sequential",
      "test_acc": 0.8181,
      "per_class": {
        "0": 0.9163265306122449,
        "1": 0.9674008810572687,
        "2": 0.7839147286821705,
        "3": 0.7663366336633664,
        "4": 0.8105906313645621,
        "5": 0.6423766816143498,
        "6": 0.8830897703549061,
        "7": 0.8375486381322957,
        "8": 0.7238193018480493,
        "9": 0.8136769078295342
      },
      "probe_preds": [
        0,
        0,
        0,
        0,
        1,
        1,
        1,
        1,
        2,
        9,
        2,
        2,
        3,
        3,
        3,
        3,
        9,
        4,
        4,
        5,
        5,
        5,
        5,
        5,
        6,
        6,
        6,
        6,
        7,
        7,
        8,
        7,
        8,
        8,
        8,
        8,
        9,
        9,
        9,
        9
      ],
      "build_s": 1.5355778010562062,
      "eval_s": 0.43416984286159277
    },
    {
      "ordering": "reverse",
      "test_acc": 0.7834,
      "per_class": {
        "0": 0.9183673469387755,
        "1": 0.973568281938326,
        "2": 0.7858527131782945,
        "3": 0.8217821782178217,
        "4": 0.8289205702647657,
        "5": 0.22533632286995517,
        "6": 0.8799582463465553,
        "7": 0.867704280155642,
        "8": 0.7227926078028748,
        "9": 0.7274529236868187
      },
      "probe_preds": [
        0,
        0,
        0,
        0,
        1,
        1,
        1,
        1,
        2,
        9,
        2,
        2,
        3,
        3,
        3,
        3,
        4,
        4,
        4,
        8,
        5,
        3,
        3,
        5,
        6,
        6,
        6,
        6,
        7,
        7,
        9,
        7,
        8,
        8,
        8,
        8,
        9,
        9,
        9,
        9
      ],
      "build_s": 1.6649607410654426,
      "eval_s": 0.09731884952634573
    },
    {
      "ordering": "shuffle_seed_0",
      "test_acc": 0.8204,
      "per_class": {
        "0": 0.9091836734693878,
        "1": 0.9682819383259912,
        "2": 0.8071705426356589,
        "3": 0.7851485148514852,
        "4": 0.8116089613034623,
        "5": 0.6390134529147982,
        "6": 0.8768267223382046,
        "7": 0.8463035019455253,
        "8": 0.7197125256673511,
        "9": 0.8027750247770069
      },
      "probe_preds": [
        0,
        0,
        0,
        0,
        1,
        1,
        1,
        1,
        2,
        9,
        2,
        2,
        3,
        3,
        3,
        3,
        9,
        4,
        4,
        9,
        5,
        5,
        5,
        5,
        6,
        6,
        6,
        6,
        7,
        7,
        7,
        7,
        8,
        8,
        8,
        8,
        9,
        9,
        9,
        9
      ],
      "build_s": 1.673517232760787,
      "eval_s": 0.09440149925649166
    },
    {
      "ordering": "shuffle_seed_1",
      "test_acc": 0.7922,
      "per_class": {
        "0": 0.9142857142857143,
        "1": 0.9718061674008811,
        "2": 0.7994186046511628,
        "3": 0.7920792079207921,
        "4": 0.8391038696537678,
        "5": 0.6278026905829597,
        "6": 0.8684759916492694,
        "7": 0.8550583657587548,
        "8": 0.728952772073922,
        "9": 0.4886025768087215
      },
      "probe_preds": [
        0,
        0,
        0,
        0,
        1,
        1,
        1,
        1,
        2,
        4,
        2,
        2,
        3,
        3,
        3,
        3,
        9,
        4,
        4,
        9,
        6,
        5,
        5,
        5,
        6,
        6,
        6,
        6,
        7,
        7,
        9,
        7,
        8,
        8,
        8,
        8,
        9,
        9,
        9,
        9
      ],
      "build_s": 1.6270468728616834,
      "eval_s": 0.09569771680980921
    },
    {
      "ordering": "shuffle_seed_2",
      "test_acc": 0.8069,
      "per_class": {
        "0": 0.9112244897959184,
        "1": 0.9718061674008811,
        "2": 0.7858527131782945,
        "3": 0.7782178217821782,
        "4": 0.8024439918533605,
        "5": 0.6233183856502242,
        "6": 0.8799582463465553,
        "7": 0.8638132295719845,
        "8": 0.715605749486653,
        "9": 0.6977205153617443
      },
      "probe_preds": [
        0,
        0,
        0,
        0,
        1,
        1,
        1,
        1,
        2,
        9,
        2,
        2,
        3,
        3,
        3,
        3,
        9,
        4,
        4,
        9,
        8,
        5,
        5,
        5,
        6,
        6,
        6,
        6,
        7,
        7,
        8,
        7,
        8,
        8,
        8,
        8,
        9,
        9,
        9,
        9
      ],
      "build_s": 1.6479898104444146,
      "eval_s": 0.09409291576594114
    },
    {
      "ordering": "shuffle_seed_3",
      "test_acc": 0.7842,
      "per_class": {
        "0": 0.9193877551020408,
        "1": 0.9612334801762115,
        "2": 0.7819767441860465,
        "3": 0.7386138613861386,
        "4": 0.8492871690427699,
        "5": 0.6031390134529148,
        "6": 0.8810020876826722,
        "7": 0.8249027237354085,
        "8": 0.7494866529774127,
        "9": 0.4985133795837463
      },
      "probe_preds": [
        0,
        0,
        0,
        0,
        1,
        1,
        1,
        1,
        2,
        9,
        2,
        2,
        8,
        8,
        3,
        8,
        9,
        4,
        4,
        5,
        8,
        5,
        5,
        5,
        6,
        6,
        6,
        6,
        7,
        7,
        9,
        7,
        8,
        8,
        8,
        8,
        9,
        4,
        4,
        4
      ],
      "build_s": 1.6240313490852714,
      "eval_s": 0.09407832939177752
    },
    {
      "ordering": "shuffle_seed_4",
      "test_acc": 0.8014,
      "per_class": {
        "0": 0.9163265306122449,
        "1": 0.9251101321585903,
        "2": 0.7877906976744186,
        "3": 0.7653465346534654,
        "4": 0.8441955193482689,
        "5": 0.6535874439461884,
        "6": 0.8799582463465553,
        "7": 0.8560311284046692,
        "8": 0.7032854209445585,
        "9": 0.6541129831516352
      },
      "probe_preds": [
        0,
        0,
        0,
        0,
        9,
        1,
        1,
        1,
        2,
        9,
        2,
        2,
        3,
        3,
        3,
        8,
        9,
        4,
        4,
        9,
        5,
        5,
        5,
        5,
        6,
        6,
        6,
        6,
        7,
        7,
        9,
        7,
        8,
        8,
        8,
        8,
        9,
        9,
        9,
        9
      ],
      "build_s": 1.6166302105411887,
      "eval_s": 0.09343721903860569
    },
    {
      "ordering": "shuffle_seed_5",
      "test_acc": 0.6861,
      "per_class": {
        "0": 0.9153061224489796,
        "1": 0.9665198237885463,
        "2": 0.7897286821705426,
        "3": 0.20495049504950494,
        "4": 0.08859470468431772,
        "5": 0.6076233183856502,
        "6": 0.884133611691023,
        "7": 0.8521400778210116,
        "8": 0.7320328542094456,