{
  "test_acc": 0.5447,
  "train_acc": 1.0,
  "src_test": {
    "sam": 0,
    "lm": 10000,
    "no_lm": 0,
    "no_signal": 0
  },
  "src_train": {
    "sam": 0,
    "lm": 10000,
    "no_lm": 0,
    "no_signal": 0
  },
  "sam_states": 1521032,
  "vqae_test_recon": 0.01400791082996875,
  "vqae_history": {
    "loss": [
      1.3329906805585592,
      0.11696178152456753,
      0.05258680624553026,
      0.04241409739399822,
      0.03715447656428202,
      0.03413765479484175,
      0.032039776118074216,
      0.030547334673281155,
      0.02943472880233302,
      0.028577677802079253,
      0.027833174826561384,
      0.02752824740595797,
      0.027290552774937745,
      0.026820213900098942,
      0.02665125608889975,
      0.026355812875315163,
      0.026220959714717336,
      0.02585897868913081,
      0.025595875803190164,
      0.025158993899822235,
      0.02497485575751744,
      0.024696335506935913,
      0.024417946027575903,
      0.024281874537850037,
      0.024056235686517678,
      0.02385798917335068,
      0.023707692901420798,
      0.023563475491335757,
      0.023445466600963447,
      0.023283752007807933,
      0.023154493409376115,
      0.023053054351550646,
      0.022940159580296177,
      0.0228072714426706,
      0.022733973828741372,
      0.022664504046114083,
      0.02256239125998611,
      0.022479495089341942,
      0.022401852258600485,
      0.02235877938154671,
      0.02228968722634336,
      0.02223973050235938,
      0.022187154123193432,
      0.022150765996999465,
      0.022136967605314195,
      0.022087018749811966,
      0.02207503939827538,
      0.02203666147752068,
      0.022024216691557415,
      0.022002283945424944
    ],
    "recon": [
      0.057365827887263306,
      0.030465346864528127,
      0.026576537965263568,
      0.024596371970529485,
      0.023038255225898873,
      0.021895979216688465,
      0.021056721400883462,
      0.020287490226965174,
      0.019598082332816135,
      0.019074017460593302,
      0.01853966569671264,
      0.01814864565514856,
      0.017765424471014202,
      0.017382341681812435,
      0.017131242091154568,
      0.016826508889118068,
      0.016574480411652315,
      0.016320988617471267,
      0.016067120855530866,
      0.015829825246483725,
      0.015683978081593275,
      0.015491481044560544,
      0.015318740555284243,
      0.015170506167854382,
      0.015012329241308646,
      0.014882934757341176,
      0.014755034677954948,
      0.014638358189796027,
      0.014525466369719714,
      0.014427359211935192,
      0.01432901040579264,
      0.014254787970636772,
      0.0141696836739683,
      0.014085718955940161,
      0.014025028391032774,
      0.013962363782458199,
      0.01390610507522256,
      0.01385785261184996,
      0.013804983351634353,
      0.013760553185358388,
      0.013725600010341303,
      0.013690056565862436,
      0.013653081023874573,
      0.01363121876373696,
      0.013608406467012998,
      0.013585048707791118,
      0.013563177114527704,
      0.01355024302800178,
      0.013539031689238345,
      0.013529285740775939
    ],
    "cb": [
      1.2756248520225542,
      0.08649643468789947,
      0.02601026826036664,
      0.017817725371728595,
      0.014116221316493092,
      0.012241675520443127,
      0.010983054675400639,
      0.010259844482136078,
      0.009836646466531878,
      0.009503660341485953,
      0.009293509137808766,
      0.009379601713994311,
      0.009525128280043475,
      0.00943787224813659,
      0.009520013978840131,
      0.009529303992167115,
      0.009646479332915101,
      0.009537990017929394,
      0.009528754939699275,
      0.009329168661298532,
      0.009290877735624328,
      0.009204854450435338,
      0.009099205534976836,
      0.009111368397855733,
      0.009043906468094096,
      0.008975054381184407,
      0.008952658251325926,
      0.008925117264724631,
      0.008920000189453619,
      0.008856392823732816,
      0.008825483030448548,
      0.00879826640081393,
      0.008770475958068019,
      0.00872155246981539,
      0.008708945396913486,
      0.008702140246740837,
      0.008656286159888484,
      0.008621642471521966,
      0.008596868887066077,
      0.00859822618126328,
      0.008564087163266908,
      0.008549673995202105,
      0.008534073056533741,
      0.008519547250177553,
      0.008528561102481097,
      0.008501970052965878,
      0.008511862253897592,
      0.008486418438573869,
      0.00848518501724411,
      0.008472998183753947
    ],
    "test_recon": [
      0.034307727962732314,
      0.028156135510653258,
      0.025720546115189792,
      0.023946163849905132,
      0.02268047765828669,
      0.021821211790665984,
      0.020802436117082834,
      0.02008925313130021,
      0.01952844294719398,
      0.019068095926195384,
      0.01873936951160431,
      0.018348623532801867,
      0.017795888800174,
      0.01786435334943235,
      0.017177492938935758,
      0.017155563971027733,
      0.01671445220708847,
      0.016420971881598235,
      0.016262128879316152,
      0.016018811543472112,
      0.015946025447919964,
      0.015698670851998033,
      0.015612766332924365,
      0.015474778739735484,
      0.015273375203832984,
      0.015130029711872339,
      0.01503930555190891,
      0.014959635236300528,
      0.014864308526739478,
      0.01480012983083725,
      0.014688343438319863,
      0.014643747918307781,
      0.01458763973787427,
      0.014473861875012517,
      0.014442034694366158,
      0.014350082911550998,
      0.014341804990544915,
      0.014265310671180486,
      0.014250924973748625,
      0.014196566818282009,
      0.014159987377934159,
      0.014141371520236135,
      0.014098760578781367,
      0.014082603785209358,
      0.014058772008866072,
      0.01406164055224508,
      0.014047004817984998,
      0.014028779976069928,
      0.01402453393675387,
      0.01400791082996875
    ],
    "cb_used": [
      38,
      47,
      58,
      55,
      64,
      70,
      84,
      84,
      97,
      96,
      102,
      105,
      109,
      120,
      117,
      121,
      124,
      133,
      139,
      138,
      137,
      142,
      142,
      146,
      150,
      150,
      152,
      148,
      153,
      152,
      151,
      157,
      155,
      156,
      159,
      160,
      161,
      162,
      162,
      162,
      163,
      161,
      163,
      164,
      163,
      166,
      163,
      166,
      166,
      164
    ]
  },
  "stage_times": {
    "vqae": 83.4910116782412,
    "rosa_build": 10.336477848701179,
    "eval_test": 1.8586517879739404,
    "eval_train": 0.9323932752013206
  },
  "hp": {
    "DATASET": "fashion_mnist",
    "VOCAB_SIZE": 1024,
    "TOKEN_DIM": 64,
    "HIDDEN": 256,
    "K_SAMPLE": 16,
    "SIGMA": 0.01,
    "BATCH_SIZE": 128,
    "N_EPOCHS": 50,
    "LR": 0.0003,
    "N_RESERVED": 12,
    "DIGIT_OFFSET": 2
  }
}